source_phase,asset,comparison_family,comparison,candidate_method,reference_method,candidate_mae,reference_mae,mae_difference,mean_loss_differential,dm_statistic,dm_hac_lag,dm_p_value_two_sided,wilcoxon_p_value_two_sided,wilcoxon_p_value_candidate_lower_error,paired_observations,dm_p_value_holm_within_family,wilcoxon_p_value_holm_within_family,source_file,candidate_result_id,reference_result_id,final_family,dm_p_value_holm_cross_phase_family,wilcoxon_p_value_holm_cross_phase_family
phase0,BTC,benchmark_comparisons,Phase 0 LSTM vs random walk,phase0_lstm,random_walk_zero_return,0.016727339378903,0.0166648493825606,6.248999634232699e-05,6.248999634232503e-05,0.7899670795675855,5,0.4301647774391426,0.3735177049005098,0.8132411475497451,304,0.8603295548782852,0.7470354098010197,/content/drive/MyDrive/Crypto_Research/revised_outputs_v4/phase0/significance_final.csv,phase0__BTC__phase0_lstm,phase0__BTC__random_walk_zero_return,benchmark_comparisons,1.0,1.0
phase0,BTC,benchmark_comparisons,Phase 0 LSTM vs ARIMA,phase0_lstm,arima,0.016727339378903,0.0166770411305337,5.02982483692703e-05,5.0298248369268e-05,0.531622800449057,5,0.595376799326296,0.726757536698577,0.6366212316507115,304,0.8603295548782852,0.7470354098010197,/content/drive/MyDrive/Crypto_Research/revised_outputs_v4/phase0/significance_final.csv,phase0__BTC__phase0_lstm,phase0__BTC__arima,benchmark_comparisons,1.0,1.0
phase0,BTC,benchmark_comparisons,Phase 0 XGB vs random walk,phase0_xgb,random_walk_zero_return,0.017511230495674,0.0166648493825606,0.0008463811131133,0.0008463811131133,2.205608551214849,5,0.028161986105876,0.0276004846165633,0.9861997576917184,304,0.1126479444235042,0.1104019384662532,/content/drive/MyDrive/Crypto_Research/revised_outputs_v4/phase0/significance_final.csv,phase0__BTC__phase0_xgb,phase0__BTC__random_walk_zero_return,benchmark_comparisons,0.5465234123567841,0.4416077538650128
phase0,BTC,benchmark_comparisons,Phase 0 XGB vs ARIMA,phase0_xgb,arima,0.017511230495674,0.0166770411305337,0.0008341893651402,0.0008341893651402,2.1944097342635867,5,0.0289648199494547,0.0359666991428502,0.9820166504285748,304,0.1126479444235042,0.1104019384662532,/content/drive/MyDrive/Crypto_Research/revised_outputs_v4/phase0/significance_final.csv,phase0__BTC__phase0_xgb,phase0__BTC__arima,benchmark_comparisons,0.5465234123567841,0.539500487142753
phase0,ETH,benchmark_comparisons,Phase 0 LSTM vs random walk,phase0_lstm,random_walk_zero_return,0.0237778464572566,0.0229388161849642,0.0008390302722924,0.0008390302722924,2.572760771088652,5,0.0105649836164876,0.0039240937442372,0.9980379531278812,304,0.0633899016989256,0.0235445624654236,/content/drive/MyDrive/Crypto_Research/revised_outputs_v4/phase0/significance_final.csv,phase0__ETH__phase0_lstm,phase0__ETH__random_walk_zero_return,benchmark_comparisons,0.35920944296057844,0.1412673747925392
phase0,ETH,benchmark_comparisons,Phase 0 LSTM vs ARIMA,phase0_lstm,arima,0.0237778464572566,0.0229923275444329,0.0007855189128237,0.0007855189128237,2.484880761448733,5,0.0134990891924443,0.006239830204555,0.9968800848977224,304,0.0674954459622219,0.0311991510227754,/content/drive/MyDrive/Crypto_Research/revised_outputs_v4/phase0/significance_final.csv,phase0__ETH__phase0_lstm,phase0__ETH__arima,benchmark_comparisons,0.4184717649657733,0.1971163766600688
phase0,ETH,benchmark_comparisons,Phase 0 XGB vs random walk,phase0_xgb,random_walk_zero_return,0.0245146968044746,0.0229388161849642,0.0015758806195103,0.0015758806195103,2.8723102820390145,5,0.0043623968963087,0.0003525040150466,0.9998237479924768,304,0.0348991751704699,0.0028200321203728,/content/drive/MyDrive/Crypto_Research/revised_outputs_v4/phase0/significance_final.csv,phase0__ETH__phase0_xgb,phase0__ETH__random_walk_zero_return,benchmark_comparisons,0.1657710820597306,0.0133951525717708
phase0,ETH,benchmark_comparisons,Phase 0 XGB vs ARIMA,phase0_xgb,arima,0.0245146968044746,0.0229923275444329,0.0015223692600417,0.0015223692600417,2.779230364634384,5,0.0057892415471235,0.0004868298267835,0.9997565850866084,304,0.0405246908298645,0.0034078087874849,/content/drive/MyDrive/Crypto_Research/revised_outputs_v4/phase0/significance_final.csv,phase0__ETH__phase0_xgb,phase0__ETH__arima,benchmark_comparisons,0.2142019372435695,0.0180127035909895
phase1,ETH,sentiment_increment,Phase 1 vs Phase 0 for XGB,phase1_xgb,phase0_xgb,0.0256170089363813,0.0245146968044746,0.0011023121319066,0.0011023121319066,2.619318219543324,5,0.009253982973949,0.0035438540503912,0.9982280729748044,304,0.0370159318957961,0.0141754162015648,/content/drive/MyDrive/Crypto_Research/revised_outputs_v4/phase1/significance_final.csv,phase1__ETH__phase1_xgb,phase1__ETH__phase0_xgb,sentiment_increment,0.09253982973949,0.035438540503912
phase1,ETH,benchmark_comparisons,Phase 1 XGB vs ARIMA,phase1_xgb,arima,0.0256170089363813,0.0229923275444329,0.0026246813919484,0.0026246813919484,4.233954567621138,5,3.048185986303855e-05,4.105198668287793e-06,0.9999979474006658,304,0.0003353004584934,4.515718535116572e-05,/content/drive/MyDrive/Crypto_Research/revised_outputs_v4/phase1/significance_final.csv,phase1__ETH__phase1_xgb,phase1__ETH__arima,benchmark_comparisons,0.0014326474135628118,0.00019294433740952628
phase1,ETH,benchmark_comparisons,Phase 1 XGB vs random walk,phase1_xgb,random_walk_zero_return,0.0256170089363813,0.0229388161849642,0.002678192751417,0.002678192751417,4.261315035054832,5,2.7165142742368555e-05,3.3352825063121222e-06,0.9999983323587468,304,0.0003259817129084,4.002339007574547e-05,/content/drive/MyDrive/Crypto_Research/revised_outputs_v4/phase1/significance_final.csv,phase1__ETH__phase1_xgb,phase1__ETH__random_walk_zero_return,benchmark_comparisons,0.0013039268516336906,0.00016009356030298187
phase1,ETH,sentiment_increment,Phase 1 vs Phase 0 for LSTM,phase1_lstm,phase0_lstm,0.0230610127969092,0.0237778464572566,-0.0007168336603474,-0.0007168336603474,-2.171425047303583,5,0.0306747755034473,0.0241696201241646,0.0120848100620823,304,0.0920243265103419,0.0725088603724938,/content/drive/MyDrive/Crypto_Research/revised_outputs_v4/phase1/significance_final.csv,phase1__ETH__phase1_lstm,phase1__ETH__phase0_lstm,sentiment_increment,0.2453982040275784,0.1933569609933168
phase1,ETH,benchmark_comparisons,Phase 1 LSTM vs ARIMA,phase1_lstm,arima,0.0230610127969092,0.0229923275444329,6.868525247634427e-05,6.868525247633838e-05,0.6061391831314334,5,0.5448761491171072,0.6074394899571309,0.6962802550214345,304,0.860329554878245,0.9284351332456132,/content/drive/MyDrive/Crypto_Research/revised_outputs_v4/phase1/significance_final.csv,phase1__ETH__phase1_lstm,phase1__ETH__arima,benchmark_comparisons,1.0,1.0
phase1,ETH,benchmark_comparisons,Phase 1 LSTM vs random walk,phase1_lstm,random_walk_zero_return,0.0230610127969092,0.0229388161849642,0.0001221966119449,0.0001221966119449,1.2087351352630833,5,0.2277070299848971,0.1856870266491226,0.9071564866754388,304,0.6831210899546915,0.9284351332456132,/content/drive/MyDrive/Crypto_Research/revised_outputs_v4/phase1/significance_final.csv,phase1__ETH__phase1_lstm,phase1__ETH__random_walk_zero_return,benchmark_comparisons,1.0,1.0
phase1,BTC,benchmark_comparisons,Phase 1 XGB vs ARIMA,phase1_xgb,arima,0.0177068390992374,0.0166770411305337,0.0010297979687037,0.0010297979687036,2.4783698720507337,5,0.0137428545367421,0.0154365486264686,0.9922817256867656,304,0.1097821524946077,0.1234923890117492,/content/drive/MyDrive/Crypto_Research/revised_outputs_v4/phase1/significance_final.csv,phase1__BTC__phase1_xgb,phase1__BTC__arima,benchmark_comparisons,0.4184717649657733,0.3396040697823092
phase1,BTC,benchmark_comparisons,Phase 1 XGB vs random walk,phase1_xgb,random_walk_zero_return,0.0177068390992374,0.0166648493825606,0.0010419897166767,0.0010419897166767,2.4789024562602284,5,0.0137227690618259,0.015547672596929,0.9922261637015356,304,0.1097821524946077,0.1234923890117492,/content/drive/MyDrive/Crypto_Research/revised_outputs_v4/phase1/significance_final.csv,phase1__BTC__phase1_xgb,phase1__BTC__random_walk_zero_return,benchmark_comparisons,0.4184717649657733,0.3396040697823092
phase1,BTC,sentiment_increment,Phase 1 vs Phase 0 for LSTM,phase1_lstm,phase0_lstm,0.0169558094125944,0.016727339378903,0.0002284700336914,0.0002284700336914,1.5323816911690222,5,0.1264716744901516,0.0587598957923639,0.970620052103818,304,0.2529433489803033,0.1175197915847278,/content/drive/MyDrive/Crypto_Research/revised_outputs_v4/phase1/significance_final.csv,phase1__BTC__phase1_lstm,phase1__BTC__phase0_lstm,sentiment_increment,0.6692350099165926,0.2937994789618195
phase1,BTC,benchmark_comparisons,Phase 1 LSTM vs ARIMA,phase1_lstm,arima,0.0169558094125944,0.0166770411305337,0.0002787682820607,0.0002787682820607,1.693127935234588,5,0.0914589129246695,0.2392917754751909,0.8803541122624046,304,0.3658356516986782,0.9284351332456132,/content/drive/MyDrive/Crypto_Research/revised_outputs_v4/phase1/significance_final.csv,phase1__BTC__phase1_lstm,phase1__BTC__arima,benchmark_comparisons,1.0,1.0
phase1,BTC,benchmark_comparisons,Phase 1 LSTM vs random walk,phase1_lstm,random_walk_zero_return,0.0169558094125944,0.0166648493825606,0.0002909600300337,0.0002909600300337,1.91833131666824,5,0.0560085736501355,0.204321650651129,0.8978391746744354,304,0.2800428682506777,0.9284351332456132,/content/drive/MyDrive/Crypto_Research/revised_outputs_v4/phase1/significance_final.csv,phase1__BTC__phase1_lstm,phase1__BTC__random_walk_zero_return,benchmark_comparisons,0.784120031101897,1.0
phase1,BTC,sentiment_increment,Phase 1 vs Phase 0 for XGB,phase1_xgb,phase0_xgb,0.0177068390992374,0.0175112304956739,0.0001956086035634,0.0001956086035634,0.4595676933594176,5,0.6461561069554513,0.6650941138739906,0.6674529430630047,304,0.6461561069554513,0.6650941138739906,/content/drive/MyDrive/Crypto_Research/revised_outputs_v4/phase1/significance_final.csv,phase1__BTC__phase1_xgb,phase1__BTC__phase0_xgb,sentiment_increment,0.6692350099165926,0.6650941138739906
phase2,ETH,benchmark_comparisons,Phase 2 LSTM vs ARIMA,phase2_lstm,arima,0.0244506118447031,0.0229923275444329,0.0014582843002702,0.0014582843002702,3.272243524694132,5,0.0011902455831941,0.0002477477247891,0.9998761261376056,304,0.008331719082359,0.0017342340735243,/content/drive/MyDrive/Crypto_Research/revised_outputs_v4/phase2/significance_final.csv,phase2__ETH__phase2_lstm,phase2__ETH__arima,benchmark_comparisons,0.047609823327764,0.009909908991564
phase2,ETH,sentiment_increment,Phase 2 vs Phase 1 for LSTM,phase2_lstm,phase1_lstm,0.0244506118447031,0.0230610127969092,0.0013895990477938,0.0013895990477938,2.8321956619273774,5,0.0049326419247404,0.0031772621083747,0.9984113689458126,304,0.0542590611721447,0.0349498831921222,/content/drive/MyDrive/Crypto_Research/revised_outputs_v4/phase2/significance_final.csv,phase2__ETH__phase2_lstm,phase2__ETH__phase1_lstm,sentiment_increment,0.05425906117214441,0.0349498831921217
phase2,ETH,sentiment_increment,Phase 2 vs Phase 0 for LSTM,phase2_lstm,phase0_lstm,0.0244506118447031,0.0237778464572566,0.0006727653874464,0.0006727653874464,1.938330178706285,5,0.0535115708940693,0.0153812492361002,0.99230937538195,304,0.3745809962584855,0.1384312431249018,/content/drive/MyDrive/Crypto_Research/revised_outputs_v4/phase2/significance_final.csv,phase2__ETH__phase2_lstm,phase2__ETH__phase0_lstm,sentiment_increment,0.37458099625848507,0.1384312431249018
phase2,ETH,sentiment_increment,Phase 2 vs Phase 0 for XGB,phase2_xgb,phase0_xgb,0.0241025392083516,0.0245146968044746,-0.000412157596123,-0.000412157596123,-1.538258673427341,5,0.125028982162785,0.1128464885731196,0.0564232442865598,304,0.6692350099165929,0.4097753735044748,/content/drive/MyDrive/Crypto_Research/revised_outputs_v4/phase2/significance_final.csv,phase2__ETH__phase2_xgb,phase2__ETH__phase0_xgb,sentiment_increment,0.6692350099165926,0.4097753735044748
phase2,ETH,benchmark_comparisons,Phase 2 XGB vs ARIMA,phase2_xgb,arima,0.0241025392083516,0.0229923275444329,0.0011102116639187,0.0011102116639187,2.1994651618322583,5,0.0285999812502258,0.0059732235351536,0.9970133882324232,304,0.142999906251129,0.0298661176757681,/content/drive/MyDrive/Crypto_Research/revised_outputs_v4/phase2/significance_final.csv,phase2__ETH__phase2_xgb,phase2__ETH__arima,benchmark_comparisons,0.5465234123567841,0.1971163766600688
phase2,ETH,sentiment_increment,Phase 2 vs Phase 1 for XGB,phase2_xgb,phase1_xgb,0.0241025392083516,0.0256170089363813,-0.0015144697280296,-0.0015144697280296,-3.273217067466958,5,0.0011862942409794,0.0013265555158195,0.0006632777579097,304,0.0142355308917539,0.0159186661898347,/content/drive/MyDrive/Crypto_Research/revised_outputs_v4/phase2/significance_final.csv,phase2__ETH__phase2_xgb,phase2__ETH__phase1_xgb,sentiment_increment,0.0142355308917528,0.015918666189834
phase2,ETH,benchmark_comparisons,Phase 2 XGB vs random walk,phase2_xgb,random_walk_zero_return,0.0241025392083516,0.0229388161849642,0.0011637230233873,0.0011637230233873,2.2928122191868834,5,0.0225437429994789,0.0047879949508048,0.9976060025245976,304,0.1352624579968737,0.0287279697048291,/content/drive/MyDrive/Crypto_Research/revised_outputs_v4/phase2/significance_final.csv,phase2__ETH__phase2_xgb,phase2__ETH__random_walk_zero_return,benchmark_comparisons,0.5465234123567841,0.167579823278168
phase2,ETH,benchmark_comparisons,Phase 2 LSTM vs random walk,phase2_lstm,random_walk_zero_return,0.0244506118447031,0.0229388161849642,0.0015117956597388,0.0015117956597388,3.36947540866906,5,0.0008505680821998,0.0001601646752644,0.9999199176623678,304,0.006804544657599,0.0012813174021156,/content/drive/MyDrive/Crypto_Research/revised_outputs_v4/phase2/significance_final.csv,phase2__ETH__phase2_lstm,phase2__ETH__random_walk_zero_return,benchmark_comparisons,0.0357238594523916,0.0070472457116336
phase2,BTC,sentiment_increment,Phase 2 vs Phase 1 for XGB,phase2_xgb,phase1_xgb,0.0171729494837657,0.0177068390992374,-0.0005338896154716,-0.0005338896154716,-1.4832712729468462,5,0.1390417407217263,0.1024438433761187,0.0512219216880593,304,0.6692350099165929,0.4097753735044748,/content/drive/MyDrive/Crypto_Research/revised_outputs_v4/phase2/significance_final.csv,phase2__BTC__phase2_xgb,phase2__BTC__phase1_xgb,sentiment_increment,0.6692350099165926,0.4097753735044748
phase2,BTC,sentiment_increment,Phase 2 vs Phase 0 for XGB,phase2_xgb,phase0_xgb,0.0171729494837657,0.0175112304956739,-0.0003382810119082,-0.0003382810119082,-1.5959643594580852,5,0.1115391683194321,0.0263834141824628,0.0131917070912314,304,0.6692350099165929,0.1933569609933168,/content/drive/MyDrive/Crypto_Research/revised_outputs_v4/phase2/significance_final.csv,phase2__BTC__phase2_xgb,phase2__BTC__phase0_xgb,sentiment_increment,0.6692350099165926,0.1933569609933168
phase2,BTC,benchmark_comparisons,Phase 2 LSTM vs ARIMA,phase2_lstm,arima,0.0166148163467547,0.0166770411305337,-6.222478377895108e-05,-6.222478377895524e-05,-0.6597358830215454,5,0.5099244775502929,0.2944884897268774,0.1472442448634387,304,0.9061357709374872,0.5889769794537549,/content/drive/MyDrive/Crypto_Research/revised_outputs_v4/phase2/significance_final.csv,phase2__BTC__phase2_lstm,phase2__BTC__arima,benchmark_comparisons,1.0,1.0
phase2,BTC,sentiment_increment,Phase 2 vs Phase 1 for LSTM,phase2_lstm,phase1_lstm,0.0166148163467547,0.0169558094125944,-0.0003409930658396,-0.0003409930658396,-2.4562568056778247,5,0.014600180476616,0.0264276499679104,0.0132138249839552,304,0.1314016242895444,0.1933569609933168,/content/drive/MyDrive/Crypto_Research/revised_outputs_v4/phase2/significance_final.csv,phase2__BTC__phase2_lstm,phase2__BTC__phase1_lstm,sentiment_increment,0.131401624289544,0.1933569609933168
phase2,BTC,benchmark_comparisons,Phase 2 LSTM vs random walk,phase2_lstm,random_walk_zero_return,0.0166148163467547,0.0166648493825606,-5.003303580589438e-05,-5.00330358058982e-05,-0.7512789643200801,5,0.4530678854687436,0.5228846854626841,0.261442342731342,304,0.9061357709374872,0.5889769794537549,/content/drive/MyDrive/Crypto_Research/revised_outputs_v4/phase2/significance_final.csv,phase2__BTC__phase2_lstm,phase2__BTC__random_walk_zero_return,benchmark_comparisons,1.0,1.0
phase2,BTC,benchmark_comparisons,Phase 2 XGB vs random walk,phase2_xgb,random_walk_zero_return,0.0171729494837657,0.0166648493825606,0.000508100101205,0.000508100101205,1.5246788575952093,5,0.128382266202862,0.1375098326476735,0.9312450836761632,304,0.4822112825165844,0.5500393305906941,/content/drive/MyDrive/Crypto_Research/revised_outputs_v4/phase2/significance_final.csv,phase2__BTC__phase2_xgb,phase2__BTC__random_walk_zero_return,benchmark_comparisons,1.0,1.0
phase2,BTC,benchmark_comparisons,Phase 2 XGB vs ARIMA,phase2_xgb,arima,0.0171729494837657,0.0166770411305337,0.000495908353232,0.000495908353232,1.5568378988554696,5,0.1205528206291461,0.1441926817694027,0.9279036591152986,304,0.4822112825165844,0.5500393305906941,/content/drive/MyDrive/Crypto_Research/revised_outputs_v4/phase2/significance_final.csv,phase2__BTC__phase2_xgb,phase2__BTC__arima,benchmark_comparisons,1.0,1.0
phase2,BTC,sentiment_increment,Phase 2 vs Phase 0 for LSTM,phase2_lstm,phase0_lstm,0.0166148163467547,0.016727339378903,-0.0001125230321482,-0.0001125230321482,-1.4893966833831835,5,0.1374230592115442,0.1413491178537635,0.0706745589268817,304,0.6692350099165929,0.4097753735044748,/content/drive/MyDrive/Crypto_Research/revised_outputs_v4/phase2/significance_final.csv,phase2__BTC__phase2_lstm,phase2__BTC__phase0_lstm,sentiment_increment,0.6692350099165926,0.4097753735044748
phase3,ETH,benchmark_comparisons,Crypto FinBERT LSTM vs random walk,phase3_crypto_lstm,random_walk_zero_return,0.0235127788953677,0.0229388161849642,0.0005739627104034,0.0005739627104034,2.39092122508364,5,0.0174163443570313,0.0132832640963153,0.9933583679518424,304,0.1741634435703133,0.0929828486742071,/content/drive/MyDrive/Crypto_Research/revised_outputs_v4/phase3/significance_final.csv,phase3__ETH__phase3_crypto_lstm,phase3__ETH__random_walk_zero_return,benchmark_comparisons,0.48765764199684564,0.31879833831156723
phase3,ETH,news_scope,Crypto-specific vs general news for XGB,phase3_crypto_xgb,phase2_general_xgb,0.024686369537748,0.0241025392083516,0.0005838303293964,0.0005838303293964,1.3765738078459584,5,0.1696603938447065,0.3191673762817447,0.8404163118591277,304,0.3320470543284677,0.343989310553473,/content/drive/MyDrive/Crypto_Research/revised_outputs_v4/phase3/significance_final.csv,phase3__ETH__phase3_crypto_xgb,phase3__ETH__phase2_general_xgb,news_scope,0.3320470543284676,0.343989310553473
phase3,ETH,benchmark_comparisons,Crypto FinBERT XGB vs ARIMA,phase3_crypto_xgb,arima,0.024686369537748,0.0229923275444329,0.0016940419933151,0.0016940419933151,3.395496399526367,5,0.0007763846022945,0.0002157847909539,0.999892107604523,304,0.0116457690344188,0.0030209870733555,/content/drive/MyDrive/Crypto_Research/revised_outputs_v4/phase3/significance_final.csv,phase3__ETH__phase3_crypto_xgb,phase3__ETH__arima,benchmark_comparisons,0.034160922500958,0.0090629612200638
phase3,ETH,benchmark_comparisons,General FinBERT XGB vs ARIMA,phase2_general_xgb,arima,0.0241025392083515,0.0229923275444328,0.0011102116639187,0.0011102116639187,2.199465161832267,5,0.0285999812502251,0.0059732235351536,0.9970133882324232,304,0.1891811812004277,0.0657054588866898,/content/drive/MyDrive/Crypto_Research/revised_outputs_v4/phase3/significance_final.csv,phase3__ETH__phase2_general_xgb,phase3__ETH__arima,benchmark_comparisons,0.5465234123567841,0.1971163766600688
phase3,ETH,benchmark_comparisons,Crypto FinBERT XGB vs random walk,phase3_crypto_xgb,random_walk_zero_return,0.024686369537748,0.0229388161849642,0.0017475533527837,0.0017475533527837,3.4761695847581318,5,0.0005829807749487,0.000152389751359,0.9999238051243204,304,0.0093276923991799,0.0024382360217455,/content/drive/MyDrive/Crypto_Research/revised_outputs_v4/phase3/significance_final.csv,phase3__ETH__phase3_crypto_xgb,phase3__ETH__random_walk_zero_return,benchmark_comparisons,0.0268171156476402,0.007009928562514
phase3,ETH,news_scope,Crypto-specific vs general news for LSTM,phase3_crypto_lstm,phase2_general_lstm,0.0235127788953677,0.0244506118447031,-0.0009378329493353,-0.0009378329493353,-3.1100159798613114,5,0.0020487083108953,0.0003142094931305,0.0001571047465652,304,0.0061461249326859,0.0012568379725222,/content/drive/MyDrive/Crypto_Research/revised_outputs_v4/phase3/significance_final.csv,phase3__ETH__phase3_crypto_lstm,phase3__ETH__phase2_general_lstm,news_scope,0.0061461249326859,0.001256837972522
phase3,ETH,benchmark_comparisons,Crypto FinBERT LSTM vs ARIMA,phase3_crypto_lstm,arima,0.0235127788953677,0.0229923275444329,0.0005204513509348,0.0005204513509348,2.2360327704601803,5,0.0260774825594837,0.0190582076513189,0.9904708961743404,304,0.1891811812004277,0.1086789294699891,/content/drive/MyDrive/Crypto_Research/revised_outputs_v4/phase3/significance_final.csv,phase3__ETH__phase3_crypto_lstm,phase3__ETH__arima,benchmark_comparisons,0.5465234123567841,0.36226309823329594
phase3,ETH,benchmark_comparisons,General FinBERT LSTM vs ARIMA,phase2_general_lstm,arima,0.024450611844703,0.0229923275444328,0.0014582843002702,0.0014582843002702,3.2722435246941366,5,0.0011902455831941,0.0002477477247891,0.9998761261376056,304,0.0154731925815236,0.0032207204222594,/content/drive/MyDrive/Crypto_Research/revised_outputs_v4/phase3/significance_final.csv,phase3__ETH__phase2_general_lstm,phase3__ETH__arima,benchmark_comparisons,0.047609823327764,0.009909908991564
phase3,ETH,benchmark_comparisons,General FinBERT LSTM vs random walk,phase2_general_lstm,random_walk_zero_return,0.024450611844703,0.0229388161849642,0.0015117956597388,0.0015117956597388,3.369475408669072,5,0.0008505680821998,0.0001601646752644,0.9999199176623678,304,0.0119079531507977,0.0024382360217455,/content/drive/MyDrive/Crypto_Research/revised_outputs_v4/phase3/significance_final.csv,phase3__ETH__phase2_general_lstm,phase3__ETH__random_walk_zero_return,benchmark_comparisons,0.0357238594523916,0.0070472457116336
phase3,ETH,benchmark_comparisons,General FinBERT XGB vs random walk,phase2_general_xgb,random_walk_zero_return,0.0241025392083515,0.0229388161849642,0.0011637230233873,0.0011637230233873,2.2928122191868967,5,0.0225437429994782,0.0047879949508048,0.9976060025245976,304,0.1891811812004277,0.0574559394096583,/content/drive/MyDrive/Crypto_Research/revised_outputs_v4/phase3/significance_final.csv,phase3__ETH__phase2_general_xgb,phase3__ETH__random_walk_zero_return,benchmark_comparisons,0.5465234123567841,0.167579823278168
phase3,BTC,benchmark_comparisons,Crypto FinBERT XGB vs ARIMA,phase3_crypto_xgb,arima,0.0176825910076034,0.0166770411305337,0.0010055498770696,0.0010055498770696,2.319726040693162,5,0.0210201312444919,0.0106795654398822,0.9946602172800588,304,0.1891811812004277,0.0854365235190578,/content/drive/MyDrive/Crypto_Research/revised_outputs_v4/phase3/significance_final.csv,phase3__BTC__phase3_crypto_xgb,phase3__BTC__arima,benchmark_comparisons,0.5465234123567841,0.2776687014369372
phase3,BTC,benchmark_comparisons,General FinBERT XGB vs ARIMA,phase2_general_xgb,arima,0.0171729494837657,0.0166770411305337,0.000495908353232,0.000495908353232,1.556837898855476,5,0.1205528206291445,0.1441926817694027,0.9279036591152986,304,0.4822112825165781,0.5500393305906941,/content/drive/MyDrive/Crypto_Research/revised_outputs_v4/phase3/significance_final.csv,phase3__BTC__phase2_general_xgb,phase3__BTC__arima,benchmark_comparisons,1.0,1.0
phase3,BTC,benchmark_comparisons,Crypto FinBERT XGB vs random walk,phase3_crypto_xgb,random_walk_zero_return,0.0176825910076034,0.0166648493825606,0.0010177416250427,0.0010177416250427,2.309051986077012,5,0.0216132603878749,0.0082021598073156,0.9958989200963422,304,0.1891811812004277,0.0793752540616339,/content/drive/MyDrive/Crypto_Research/revised_outputs_v4/phase3/significance_final.csv,phase3__BTC__phase3_crypto_xgb,phase3__BTC__random_walk_zero_return,benchmark_comparisons,0.5465234123567841,0.238125762184899
phase3,BTC,benchmark_comparisons,General FinBERT XGB vs random walk,phase2_general_xgb,random_walk_zero_return,0.0171729494837657,0.0166648493825606,0.000508100101205,0.000508100101205,1.52467885759522,5,0.1283822662028594,0.1375098326476735,0.9312450836761632,304,0.4822112825165781,0.5500393305906941,/content/drive/MyDrive/Crypto_Research/revised_outputs_v4/phase3/significance_final.csv,phase3__BTC__phase2_general_xgb,phase3__BTC__random_walk_zero_return,benchmark_comparisons,1.0,1.0
phase3,BTC,news_scope,Crypto-specific vs general news for LSTM,phase3_crypto_lstm,phase2_general_lstm,0.0170401354644876,0.0166148163467547,0.0004253191177328,0.0004253191177328,3.373911080748037,5,0.0008374722993404,0.0014718226908353,0.9992640886545824,304,0.0033498891973618,0.0044154680725059,/content/drive/MyDrive/Crypto_Research/revised_outputs_v4/phase3/significance_final.csv,phase3__BTC__phase3_crypto_lstm,phase3__BTC__phase2_general_lstm,news_scope,0.0033498891973616,0.0044154680725059
phase3,BTC,benchmark_comparisons,Crypto FinBERT LSTM vs ARIMA,phase3_crypto_lstm,arima,0.0170401354644876,0.0166770411305337,0.0003630943339539,0.0003630943339539,2.51521913402407,5,0.0124131401357178,0.0181131549116648,0.9909434225441676,304,0.1365445414928963,0.1086789294699891,/content/drive/MyDrive/Crypto_Research/revised_outputs_v4/phase3/significance_final.csv,phase3__BTC__phase3_crypto_lstm,phase3__BTC__arima,benchmark_comparisons,0.4096336244786874,0.36226309823329594
phase3,BTC,benchmark_comparisons,General FinBERT LSTM vs ARIMA,phase2_general_lstm,arima,0.0166148163467547,0.0166770411305337,-6.222478377895801e-05,-6.222478377895662e-05,-0.6597358830215677,5,0.5099244775502785,0.2944884897268774,0.1472442448634387,304,0.9061357709374728,0.5889769794537549,/content/drive/MyDrive/Crypto_Research/revised_outputs_v4/phase3/significance_final.csv,phase3__BTC__phase2_general_lstm,phase3__BTC__arima,benchmark_comparisons,1.0,1.0
phase3,BTC,benchmark_comparisons,Crypto FinBERT LSTM vs random walk,phase3_crypto_lstm,random_walk_zero_return,0.0170401354644876,0.0166648493825606,0.0003752860819269,0.0003752860819269,2.7469277639401746,5,0.0063757092947915,0.0079375254061633,0.9960312372969184,304,0.0765085115374991,0.0793752540616339,/content/drive/MyDrive/Crypto_Research/revised_outputs_v4/phase3/significance_final.csv,phase3__BTC__phase3_crypto_lstm,phase3__BTC__random_walk_zero_return,benchmark_comparisons,0.2295255346124832,0.238125762184899
phase3,BTC,benchmark_comparisons,General FinBERT LSTM vs random walk,phase2_general_lstm,random_walk_zero_return,0.0166148163467547,0.0166648493825606,-5.003303580589785e-05,-5.003303580589783e-05,-0.7512789643200919,5,0.4530678854687363,0.5228846854626841,0.261442342731342,304,0.9061357709374728,0.5889769794537549,/content/drive/MyDrive/Crypto_Research/revised_outputs_v4/phase3/significance_final.csv,phase3__BTC__phase2_general_lstm,phase3__BTC__random_walk_zero_return,benchmark_comparisons,1.0,1.0
phase3,BTC,news_scope,Crypto-specific vs general news for XGB,phase3_crypto_xgb,phase2_general_xgb,0.0176825910076034,0.0171729494837657,0.0005096415238376,0.0005096415238376,1.3884381508863497,5,0.1660235271642338,0.1719946552767365,0.9140026723616316,304,0.3320470543284677,0.343989310553473,/content/drive/MyDrive/Crypto_Research/revised_outputs_v4/phase3/significance_final.csv,phase3__BTC__phase3_crypto_xgb,phase3__BTC__phase2_general_xgb,news_scope,0.3320470543284676,0.343989310553473
phase4,ETH,temporal_ablation,Short window only vs Phase 3 for LSTM,phase4_short_window_only_lstm,phase3_reference_lstm,0.0229891201549323,0.0235127788953677,-0.0005236587404353,-0.0005236587404353,-2.3397751395520423,5,0.0199444925281451,0.0264276499679104,0.0132138249839552,304,0.3191118804503221,0.4228423994865668,/content/drive/MyDrive/Crypto_Research/revised_outputs_v4/phase4/significance_final.csv,phase4__ETH__phase4_short_window_only_lstm,phase4__ETH__phase3_reference_lstm,temporal_ablation,0.3191118804503216,0.4228423994865664
phase4,ETH,temporal_ablation,Decay only vs Phase 3 for LSTM,phase4_decay_only_lstm,phase3_reference_lstm,0.0233016156535063,0.0235127788953677,-0.0002111632418613,-0.0002111632418613,-1.1749725264468296,5,0.2409282238203808,0.1297425867528512,0.0648712933764256,304,1.0,1.0,/content/drive/MyDrive/Crypto_Research/revised_outputs_v4/phase4/significance_final.csv,phase4__ETH__phase4_decay_only_lstm,phase4__ETH__phase3_reference_lstm,temporal_ablation,1.0,1.0
phase4,ETH,temporal_ablation,Combined temporal changes vs Phase 3 for LSTM,phase4_combined_lstm,phase3_reference_lstm,0.0229570419481546,0.0235127788953677,-0.000555736947213,-0.000555736947213,-2.6257438432728426,5,0.0090849940744262,0.0064531305828453,0.0032265652914226,304,0.1726148874140978,0.1226094810740615,/content/drive/MyDrive/Crypto_Research/revised_outputs_v4/phase4/significance_final.csv,phase4__ETH__phase4_combined_lstm,phase4__ETH__phase3_reference_lstm,temporal_ablation,0.1726148874140978,0.12260948107406071
phase4,ETH,temporal_ablation,Combined vs short window only for LSTM,phase4_combined_lstm,phase4_short_window_only_lstm,0.0229570419481546,0.0229891201549323,-3.2078206777648444e-05,-3.207820677764777e-05,-0.7030066184224983,5,0.4825914085206763,0.5915785757119318,0.2957892878559659,304,1.0,1.0,/content/drive/MyDrive/Crypto_Research/revised_outputs_v4/phase4/significance_final.csv,phase4__ETH__phase4_combined_lstm,phase4__ETH__phase4_short_window_only_lstm,temporal_ablation,1.0,1.0
phase4,ETH,temporal_ablation,Combined vs decay only for LSTM,phase4_combined_lstm,phase4_decay_only_lstm,0.0229570419481546,0.0233016156535063,-0.0003445737053516,-0.0003445737053516,-1.813788738347378,5,0.070699365995676,0.0365474072482353,0.0182737036241176,304,1.0,0.5482111087235295,/content/drive/MyDrive/Crypto_Research/revised_outputs_v4/phase4/significance_final.csv,phase4__ETH__phase4_combined_lstm,phase4__ETH__phase4_decay_only_lstm,temporal_ablation,1.0,0.5482111087235295
phase4,ETH,temporal_ablation,Combined temporal changes vs Phase 3 for XGB,phase4_combined_xgb,phase3_reference_xgb,0.0242577740145353,0.024686369537748,-0.0004285955232126,-0.0004285955232126,-0.7951585381422382,5,0.4271437119870531,0.8261008223826033,0.4130504111913016,304,1.0,1.0,/content/drive/MyDrive/Crypto_Research/revised_outputs_v4/phase4/significance_final.csv,phase4__ETH__phase4_combined_xgb,phase4__ETH__phase3_reference_xgb,temporal_ablation,1.0,1.0
phase4,ETH,temporal_ablation,Short window only vs Phase 3 for XGB,phase4_short_window_only_xgb,phase3_reference_xgb,0.0242577740145353,0.024686369537748,-0.0004285955232126,-0.0004285955232126,-0.7951585381422382,5,0.4271437119870531,0.8261008223826033,0.4130504111913016,304,1.0,1.0,/content/drive/MyDrive/Crypto_Research/revised_outputs_v4/phase4/significance_final.csv,phase4__ETH__phase4_short_window_only_xgb,phase4__ETH__phase3_reference_xgb,temporal_ablation,1.0,1.0
phase4,ETH,temporal_ablation,Decay only vs Phase 3 for XGB,phase4_decay_only_xgb,phase3_reference_xgb,0.024686369537748,0.024686369537748,1.3877787807814457e-17,1.3215497204424465e-17,0.0,5,1.0,1.0,1.0,304,1.0,1.0,/content/drive/MyDrive/Crypto_Research/revised_outputs_v4/phase4/significance_final.csv,phase4__ETH__phase4_decay_only_xgb,phase4__ETH__phase3_reference_xgb,temporal_ablation,1.0,1.0
phase4,ETH,benchmark_comparisons,Phase 3 reference LSTM vs ARIMA,phase3_reference_lstm,arima,0.0235127788953676,0.0229923275444328,0.0005204513509348,0.0005204513509348,2.236032770460192,5,0.0260774825594829,0.0190582076513189,0.9904708961743404,304,0.0696653774281211,0.0476251524369803,/content/drive/MyDrive/Crypto_Research/revised_outputs_v4/phase4/significance_final.csv,phase4__ETH__phase3_reference_lstm,phase4__ETH__arima,benchmark_comparisons,0.5465234123567841,0.36226309823329594
phase4,ETH,temporal_ablation,Combined vs short window only for XGB,phase4_combined_xgb,phase4_short_window_only_xgb,0.0242577740145353,0.0242577740145353,0.0,0.0,0.0,5,1.0,1.0,1.0,304,1.0,1.0,/content/drive/MyDrive/Crypto_Research/revised_outputs_v4/phase4/significance_final.csv,phase4__ETH__phase4_combined_xgb,phase4__ETH__phase4_short_window_only_xgb,temporal_ablation,1.0,1.0
phase4,ETH,temporal_ablation,Combined vs decay only for XGB,phase4_combined_xgb,phase4_decay_only_xgb,0.0242577740145353,0.024686369537748,-0.0004285955232126,-0.0004285955232126,-0.795158538142262,5,0.4271437119870394,0.8261008223826033,0.4130504111913016,304,1.0,1.0,/content/drive/MyDrive/Crypto_Research/revised_outputs_v4/phase4/significance_final.csv,phase4__ETH__phase4_combined_xgb,phase4__ETH__phase4_decay_only_xgb,temporal_ablation,1.0,1.0
phase4,ETH,benchmark_comparisons,Phase 3 reference XGB vs random walk,phase3_reference_xgb,random_walk_zero_return,0.0246863695377479,0.0229388161849642,0.0017475533527837,0.0017475533527837,3.4761695847581406,5,0.0005829807749487,0.000152389751359,0.9999238051243204,304,0.0046638461995898,0.0012191180108727,/content/drive/MyDrive/Crypto_Research/revised_outputs_v4/phase4/significance_final.csv,phase4__ETH__phase3_reference_xgb,phase4__ETH__random_walk_zero_return,benchmark_comparisons,0.0268171156476402,0.007009928562514
phase4,ETH,benchmark_comparisons,Phase 3 reference LSTM vs random walk,phase3_reference_lstm,random_walk_zero_return,0.0235127788953676,0.0229388161849642,0.0005739627104034,0.0005739627104034,2.390921225083662,5,0.0174163443570302,0.0132832640963153,0.9933583679518424,304,0.0696653774281211,0.0476251524369803,/content/drive/MyDrive/Crypto_Research/revised_outputs_v4/phase4/significance_final.csv,phase4__ETH__phase3_reference_lstm,phase4__ETH__random_walk_zero_return,benchmark_comparisons,0.48765764199684564,0.31879833831156723
phase4,ETH,benchmark_comparisons,Phase 3 reference XGB vs ARIMA,phase3_reference_xgb,arima,0.0246863695377479,0.0229923275444328,0.0016940419933151,0.0016940419933151,3.395496399526372,5,0.0007763846022945,0.0002157847909539,0.999892107604523,304,0.005434692216062,0.0015104935366777,/content/drive/MyDrive/Crypto_Research/revised_outputs_v4/phase4/significance_final.csv,phase4__ETH__phase3_reference_xgb,phase4__ETH__arima,benchmark_comparisons,0.034160922500958,0.0090629612200638
phase4,BTC,temporal_ablation,Combined vs short window only for XGB,phase4_combined_xgb,phase4_short_window_only_xgb,0.0180130547440462,0.0180130547440462,0.0,0.0,0.0,5,1.0,1.0,1.0,304,1.0,1.0,/content/drive/MyDrive/Crypto_Research/revised_outputs_v4/phase4/significance_final.csv,phase4__BTC__phase4_combined_xgb,phase4__BTC__phase4_short_window_only_xgb,temporal_ablation,1.0,1.0
phase4,BTC,benchmark_comparisons,Phase 3 reference LSTM vs random walk,phase3_reference_lstm,random_walk_zero_return,0.0170401354644876,0.0166648493825606,0.0003752860819269,0.0003752860819269,2.7469277639401923,5,0.0063757092947912,0.0079375254061633,0.9960312372969184,304,0.0382542557687475,0.0476251524369803,/content/drive/MyDrive/Crypto_Research/revised_outputs_v4/phase4/significance_final.csv,phase4__BTC__phase3_reference_lstm,phase4__BTC__random_walk_zero_return,benchmark_comparisons,0.2295255346124832,0.238125762184899
phase4,BTC,benchmark_comparisons,Phase 3 reference LSTM vs ARIMA,phase3_reference_lstm,arima,0.0170401354644876,0.0166770411305337,0.0003630943339539,0.0003630943339539,2.5152191340240675,5,0.0124131401357179,0.0181131549116648,0.9909434225441676,304,0.0620657006785897,0.0476251524369803,/content/drive/MyDrive/Crypto_Research/revised_outputs_v4/phase4/significance_final.csv,phase4__BTC__phase3_reference_lstm,phase4__BTC__arima,benchmark_comparisons,0.4096336244786874,0.36226309823329594
phase4,BTC,temporal_ablation,Short window only vs Phase 3 for LSTM,phase4_short_window_only_lstm,phase3_reference_lstm,0.0168480274502366,0.0170401354644876,-0.000192108014251,-0.000192108014251,-2.374316184623753,5,0.0182043007578118,0.0125729612036568,0.0062864806018284,304,0.3094731128828012,0.2137403404621666,/content/drive/MyDrive/Crypto_Research/revised_outputs_v4/phase4/significance_final.csv,phase4__BTC__phase4_short_window_only_lstm,phase4__BTC__phase3_reference_lstm,temporal_ablation,0.3094731128828006,0.2137403404621656
phase4,BTC,temporal_ablation,Combined vs decay only for XGB,phase4_combined_xgb,phase4_decay_only_xgb,0.0180130547440462,0.0176825910076034,0.0003304637364427,0.0003304637364427,0.8017681971136023,5,0.4233153882237236,0.4903471995989523,0.7548264002005238,304,1.0,1.0,/content/drive/MyDrive/Crypto_Research/revised_outputs_v4/phase4/significance_final.csv,phase4__BTC__phase4_combined_xgb,phase4__BTC__phase4_decay_only_xgb,temporal_ablation,1.0,1.0
phase4,BTC,temporal_ablation,Combined temporal changes vs Phase 3 for LSTM,phase4_combined_lstm,phase3_reference_lstm,0.0168950699739359,0.0170401354644876,-0.0001450654905516,-0.0001450654905516,-1.832282108627536,5,0.0678907482567254,0.0416174981157763,0.0208087490578881,304,1.0,0.5826449736208683,/content/drive/MyDrive/Crypto_Research/revised_outputs_v4/phase4/significance_final.csv,phase4__BTC__phase4_combined_lstm,phase4__BTC__phase3_reference_lstm,temporal_ablation,1.0,0.5826449736208682
phase4,BTC,temporal_ablation,Combined vs short window only for LSTM,phase4_combined_lstm,phase4_short_window_only_lstm,0.0168950699739359,0.0168480274502366,4.704252369933798e-05,4.704252369934081e-05,3.1512651564169403,5,0.0017882152229529,0.0030008690937078,0.998499565453146,304,0.0357643044590583,0.0600173818741575,/content/drive/MyDrive/Crypto_Research/revised_outputs_v4/phase4/significance_final.csv,phase4__BTC__phase4_combined_lstm,phase4__BTC__phase4_short_window_only_lstm,temporal_ablation,0.035764304459058,0.060017381874156
phase4,BTC,temporal_ablation,Decay only vs Phase 3 for LSTM,phase4_decay_only_lstm,phase3_reference_lstm,0.017086302438613,0.0170401354644876,4.616697412536744e-05,4.6166974125367865e-05,1.153202259709291,5,0.2497362692131601,0.1711774057583004,0.9144112971208498,304,1.0,1.0,/content/drive/MyDrive/Crypto_Research/revised_outputs_v4/phase4/significance_final.csv,phase4__BTC__phase4_decay_only_lstm,phase4__BTC__phase3_reference_lstm,temporal_ablation,1.0,1.0
phase4,BTC,benchmark_comparisons,Phase 3 reference XGB vs random walk,phase3_reference_xgb,random_walk_zero_return,0.0176825910076033,0.0166648493825606,0.0010177416250427,0.0010177416250427,2.30905198607702,5,0.0216132603878745,0.0082021598073156,0.9958989200963422,304,0.0696653774281211,0.0476251524369803,/content/drive/MyDrive/Crypto_Research/revised_outputs_v4/phase4/significance_final.csv,phase4__BTC__phase3_reference_xgb,phase4__BTC__random_walk_zero_return,benchmark_comparisons,0.5465234123567841,0.238125762184899
phase4,BTC,benchmark_comparisons,Phase 3 reference XGB vs ARIMA,phase3_reference_xgb,arima,0.0176825910076033,0.0166770411305337,0.0010055498770696,0.0010055498770696,2.319726040693165,5,0.0210201312444917,0.0106795654398822,0.9946602172800588,304,0.0696653774281211,0.0476251524369803,/content/drive/MyDrive/Crypto_Research/revised_outputs_v4/phase4/significance_final.csv,phase4__BTC__phase3_reference_xgb,phase4__BTC__arima,benchmark_comparisons,0.5465234123567841,0.2776687014369372
phase4,BTC,temporal_ablation,Short window only vs Phase 3 for XGB,phase4_short_window_only_xgb,phase3_reference_xgb,0.0180130547440462,0.0176825910076034,0.0003304637364428,0.0003304637364428,0.8017681971136338,5,0.4233153882237056,0.4903471995989523,0.7548264002005238,304,1.0,1.0,/content/drive/MyDrive/Crypto_Research/revised_outputs_v4/phase4/significance_final.csv,phase4__BTC__phase4_short_window_only_xgb,phase4__BTC__phase3_reference_xgb,temporal_ablation,1.0,1.0
phase4,BTC,temporal_ablation,Decay only vs Phase 3 for XGB,phase4_decay_only_xgb,phase3_reference_xgb,0.0176825910076034,0.0176825910076034,1.3877787807814457e-17,1.3003293160796545e-17,0.0,5,1.0,1.0,1.0,304,1.0,1.0,/content/drive/MyDrive/Crypto_Research/revised_outputs_v4/phase4/significance_final.csv,phase4__BTC__phase4_decay_only_xgb,phase4__BTC__phase3_reference_xgb,temporal_ablation,1.0,1.0
phase4,BTC,temporal_ablation,Combined temporal changes vs Phase 3 for XGB,phase4_combined_xgb,phase3_reference_xgb,0.0180130547440462,0.0176825910076034,0.0003304637364428,0.0003304637364428,0.8017681971136338,5,0.4233153882237056,0.4903471995989523,0.7548264002005238,304,1.0,1.0,/content/drive/MyDrive/Crypto_Research/revised_outputs_v4/phase4/significance_final.csv,phase4__BTC__phase4_combined_xgb,phase4__BTC__phase3_reference_xgb,temporal_ablation,1.0,1.0
phase4,BTC,temporal_ablation,Combined vs decay only for LSTM,phase4_combined_lstm,phase4_decay_only_lstm,0.0168950699739359,0.017086302438613,-0.000191232464677,-0.000191232464677,-2.4402493818061384,5,0.015250026252332,0.0095383951881373,0.0047691975940686,304,0.2745004725419768,0.1716911133864725,/content/drive/MyDrive/Crypto_Research/revised_outputs_v4/phase4/significance_final.csv,phase4__BTC__phase4_combined_lstm,phase4__BTC__phase4_decay_only_lstm,temporal_ablation,0.274500472541976,0.17169111338647142
phase5,ETH,phase5_exploratory,Dual-scope concat vs crypto for LSTM,phase5_concat_lstm,phase3_crypto_lstm,0.0238906820875715,0.0235127788953677,0.0003779031922037,0.0003779031922037,1.7676392696650889,5,0.0781276569646253,0.0751075519264473,0.9624462240367764,304,0.8594042266108783,0.8261830711909209,/content/drive/MyDrive/Crypto_Research/revised_outputs_v4/phase5_reliability_fusion/significance_final.csv,phase5__ETH__phase5_concat_lstm,phase5__ETH__phase3_crypto_lstm,phase5_exploratory,1.0,1.0
phase5,ETH,phase5_exploratory,Reliability fusion vs simple concat for LSTM,phase5_reliability_fusion_lstm,phase5_concat_lstm,0.023149995949232,0.0238906820875715,-0.0007406861383394,-0.0007406861383394,-2.449461018584564,5,0.01487300774592,0.0114423685950497,0.0057211842975248,304,0.252841131680641,0.1945202661158458,/content/drive/MyDrive/Crypto_Research/revised_outputs_v4/phase5_reliability_fusion/significance_final.csv,phase5__ETH__phase5_reliability_fusion_lstm,phase5__ETH__phase5_concat_lstm,phase5_exploratory,0.34207917815616,0.2631744776861431
phase5,ETH,phase5_exploratory,Reliability fusion vs general for LSTM,phase5_reliability_fusion_lstm,phase2_general_lstm,0.023149995949232,0.0244506118447031,-0.001300615895471,-0.001300615895471,-3.505771444537769,5,0.0005240976328924,4.46841868711122e-05,2.23420934355561e-05,304,0.0104819526578487,0.0008936837374222,/content/drive/MyDrive/Crypto_Research/revised_outputs_v4/phase5_reliability_fusion/significance_final.csv,phase5__ETH__phase5_reliability_fusion_lstm,phase5__ETH__phase2_general_lstm,phase5_exploratory,0.0146747337209872,0.0012511572323911416
phase5,ETH,phase5_exploratory,Reliability fusion vs crypto for LSTM,phase5_reliability_fusion_lstm,phase3_crypto_lstm,0.023149995949232,0.0235127788953677,-0.0003627829461356,-0.0003627829461356,-2.100521009706742,5,0.0365092508418938,0.0280167947945362,0.0140083973972681,304,0.5111295117865136,0.3642183323289709,/content/drive/MyDrive/Crypto_Research/revised_outputs_v4/phase5_reliability_fusion/significance_final.csv,phase5__ETH__phase5_reliability_fusion_lstm,phase5__ETH__phase3_crypto_lstm,phase5_exploratory,0.730185016837876,0.5323191010961877
phase5,ETH,benchmark_comparisons,Reliability fusion LSTM vs random walk,phase5_reliability_fusion_lstm,random_walk_zero_return,0.023149995949232,0.0229388161849642,0.0002111797642677,0.0002111797642677,1.7752228535604475,5,0.0768648868562924,0.1198179256569178,0.9400910371715412,304,0.3950356493149065,0.3594537769707534,/content/drive/MyDrive/Crypto_Research/revised_outputs_v4/phase5_reliability_fusion/significance_final.csv,phase5__ETH__phase5_reliability_fusion_lstm,phase5__ETH__random_walk_zero_return,phase5_exploratory,1.0,1.0
phase5,ETH,phase5_exploratory,Reliability fusion vs crypto for XGB,phase5_reliability_fusion_xgb,phase3_crypto_xgb,0.0245213956901476,0.024686369537748,-0.0001649738476003,-0.0001649738476003,-0.3895720423685631,5,0.6971267010123854,0.9475001626797028,0.5262499186601485,304,1.0,1.0,/content/drive/MyDrive/Crypto_Research/revised_outputs_v4/phase5_reliability_fusion/significance_final.csv,phase5__ETH__phase5_reliability_fusion_xgb,phase5__ETH__phase3_crypto_xgb,phase5_exploratory,1.0,1.0
phase5,ETH,phase5_exploratory,Dual-scope concat vs general for XGB,phase5_concat_xgb,phase2_general_xgb,0.0240387259075042,0.0241025392083516,-6.381330084740885e-05,-6.381330084740883e-05,-0.2336191529777649,5,0.8154384132289456,0.543444995019448,0.271722497509724,304,1.0,1.0,/content/drive/MyDrive/Crypto_Research/revised_outputs_v4/phase5_reliability_fusion/significance_final.csv,phase5__ETH__phase5_concat_xgb,phase5__ETH__phase2_general_xgb,phase5_exploratory,1.0,1.0
phase5,ETH,phase5_exploratory,Dual-scope concat vs crypto for XGB,phase5_concat_xgb,phase3_crypto_xgb,0.0240387259075042,0.024686369537748,-0.0006476436302438,-0.0006476436302438,-2.199943465277969,5,0.0285656700344349,0.0101518110383881,0.005075905519194,304,0.4284850505165244,0.1827325986909867,/content/drive/MyDrive/Crypto_Research/revised_outputs_v4/phase5_reliability_fusion/significance_final.csv,phase5__ETH__phase5_concat_xgb,phase5__ETH__phase3_crypto_xgb,phase5_exploratory,0.599879070723133,0.2436434649213144
phase5,ETH,phase5_exploratory,Reliability fusion vs simple concat for XGB,phase5_reliability_fusion_xgb,phase5_concat_xgb,0.0245213956901476,0.0240387259075042,0.0004826697826434,0.0004826697826434,1.0921464786962811,5,0.2756363385906183,0.1287550917694872,0.9356224541152564,304,1.0,1.0,/content/drive/MyDrive/Crypto_Research/revised_outputs_v4/phase5_reliability_fusion/significance_final.csv,phase5__ETH__phase5_reliability_fusion_xgb,phase5__ETH__phase5_concat_xgb,phase5_exploratory,1.0,1.0
phase5,ETH,phase5_exploratory,Reliability fusion vs general for XGB,phase5_reliability_fusion_xgb,phase2_general_xgb,0.0245213956901476,0.0241025392083516,0.000418856481796,0.000418856481796,0.8410607681713789,5,0.400977138549109,0.203161935440389,0.8984190322798055,304,1.0,1.0,/content/drive/MyDrive/Crypto_Research/revised_outputs_v4/phase5_reliability_fusion/significance_final.csv,phase5__ETH__phase5_reliability_fusion_xgb,phase5__ETH__phase2_general_xgb,phase5_exploratory,1.0,1.0
phase5,ETH,phase5_exploratory,Dual-scope concat vs general for LSTM,phase5_concat_lstm,phase2_general_lstm,0.0238906820875715,0.0244506118447031,-0.0005599297571316,-0.0005599297571316,-1.954537458379049,5,0.0515571305531954,0.0427400107076605,0.0213700053538302,304,0.6702426971915405,0.5128801284919265,/content/drive/MyDrive/Crypto_Research/revised_outputs_v4/phase5_reliability_fusion/significance_final.csv,phase5__ETH__phase5_concat_lstm,phase5__ETH__phase2_general_lstm,phase5_exploratory,0.9795854805107126,0.769320192737889
phase5,ETH,benchmark_comparisons,Reliability fusion LSTM vs ARIMA,phase5_reliability_fusion_lstm,arima,0.023149995949232,0.0229923275444329,0.0001576684047991,0.0001576684047991,1.31986385011558,5,0.1878767751511433,0.2111430566189793,0.8944284716905103,304,0.3950356493149065,0.3594537769707534,/content/drive/MyDrive/Crypto_Research/revised_outputs_v4/phase5_reliability_fusion/significance_final.csv,phase5__ETH__phase5_reliability_fusion_lstm,phase5__ETH__arima,phase5_exploratory,1.0,1.0
phase5,BTC,benchmark_comparisons,Reliability fusion XGB vs ARIMA,phase5_reliability_fusion_xgb,arima,0.0174162604067562,0.0166770411305337,0.0007392192762225,0.0007392192762225,1.7056091482946991,5,0.089105684345956,0.0456234856071516,0.9771882571964242,304,0.3950356493149065,0.2737409136429096,/content/drive/MyDrive/Crypto_Research/revised_outputs_v4/phase5_reliability_fusion/significance_final.csv,phase5__BTC__phase5_reliability_fusion_xgb,phase5__BTC__arima,phase5_exploratory,1.0,0.7755992553215771
phase5,BTC,benchmark_comparisons,Reliability fusion LSTM vs ARIMA,phase5_reliability_fusion_lstm,arima,0.0169120781712529,0.0166770411305337,0.0002350370407192,0.0002350370407192,1.5945867119381527,5,0.1118471980382195,0.1299077394034863,0.9350461302982568,304,0.3950356493149065,0.3594537769707534,/content/drive/MyDrive/Crypto_Research/revised_outputs_v4/phase5_reliability_fusion/significance_final.csv,phase5__BTC__phase5_reliability_fusion_lstm,phase5__BTC__arima,phase5_exploratory,1.0,1.0
phase5,BTC,phase5_exploratory,Reliability fusion vs crypto for XGB,phase5_reliability_fusion_xgb,phase3_crypto_xgb,0.0174162604067562,0.0176825910076034,-0.0002663306008471,-0.0002663306008471,-0.7359521563631355,5,0.462329153302834,0.6175053177819275,0.3087526588909637,304,1.0,1.0,/content/drive/MyDrive/Crypto_Research/revised_outputs_v4/phase5_reliability_fusion/significance_final.csv,phase5__BTC__phase5_reliability_fusion_xgb,phase5__BTC__phase3_crypto_xgb,phase5_exploratory,1.0,1.0
phase5,BTC,phase5_exploratory,Reliability fusion vs general for XGB,phase5_reliability_fusion_xgb,phase2_general_xgb,0.0174162604067562,0.0171729494837657,0.0002433109229905,0.0002433109229905,0.7388266083560958,5,0.4605842116945947,0.5879801112360127,0.7060099443819936,304,1.0,1.0,/content/drive/MyDrive/Crypto_Research/revised_outputs_v4/phase5_reliability_fusion/significance_final.csv,phase5__BTC__phase5_reliability_fusion_xgb,phase5__BTC__phase2_general_xgb,phase5_exploratory,1.0,1.0
phase5,BTC,phase5_exploratory,Reliability fusion vs simple concat for XGB,phase5_reliability_fusion_xgb,phase5_concat_xgb,0.0174162604067562,0.0172924238705405,0.0001238365362157,0.0001238365362157,0.3614290058252201,5,0.7180306605604322,0.7847267541227714,0.6076366229386143,304,1.0,1.0,/content/drive/MyDrive/Crypto_Research/revised_outputs_v4/phase5_reliability_fusion/significance_final.csv,phase5__BTC__phase5_reliability_fusion_xgb,phase5__BTC__phase5_concat_xgb,phase5_exploratory,1.0,1.0
phase5,BTC,phase5_exploratory,Dual-scope concat vs crypto for XGB,phase5_concat_xgb,phase3_crypto_xgb,0.0172924238705405,0.0176825910076034,-0.0003901671370628,-0.0003901671370628,-2.2870595705602987,5,0.0228816436513371,0.0171789520596678,0.0085894760298339,304,0.3661062984213938,0.2576842808950171,/content/drive/MyDrive/Crypto_Research/revised_outputs_v4/phase5_reliability_fusion/significance_final.csv,phase5__BTC__phase5_concat_xgb,phase5__BTC__phase3_crypto_xgb,phase5_exploratory,0.5033961603294161,0.36075799325302377
phase5,BTC,phase5_exploratory,Dual-scope concat vs general for XGB,phase5_concat_xgb,phase2_general_xgb,0.0172924238705405,0.0171729494837657,0.0001194743867748,0.0001194743867748,0.3844926569180474,5,0.7008830493359917,0.8291487547726922,0.5854256226136539,304,1.0,1.0,/content/drive/MyDrive/Crypto_Research/revised_outputs_v4/phase5_reliability_fusion/significance_final.csv,phase5__BTC__phase5_concat_xgb,phase5__BTC__phase2_general_xgb,phase5_exploratory,1.0,1.0
phase5,BTC,benchmark_comparisons,Reliability fusion LSTM vs random walk,phase5_reliability_fusion_lstm,random_walk_zero_return,0.0169120781712529,0.0166648493825606,0.0002472287886922,0.0002472287886922,1.8461938485395215,5,0.0658392748858177,0.0710382583351018,0.964480870832449,304,0.3950356493149065,0.2868923311528844,/content/drive/MyDrive/Crypto_Research/revised_outputs_v4/phase5_reliability_fusion/significance_final.csv,phase5__BTC__phase5_reliability_fusion_lstm,phase5__BTC__random_walk_zero_return,phase5_exploratory,1.0,1.0
phase5,BTC,phase5_exploratory,Reliability fusion vs crypto for LSTM,phase5_reliability_fusion_lstm,phase3_crypto_lstm,0.0169120781712529,0.0170401354644876,-0.0001280572932347,-0.0001280572932347,-1.9115651169481176,5,0.0568751597698217,0.0206457338045964,0.0103228669022982,304,0.6825019172378611,0.2890402732643499,/content/drive/MyDrive/Crypto_Research/revised_outputs_v4/phase5_reliability_fusion/significance_final.csv,phase5__BTC__phase5_reliability_fusion_lstm,phase5__BTC__phase3_crypto_lstm,phase5_exploratory,1.0,0.412914676091928
phase5,BTC,phase5_exploratory,Reliability fusion vs general for LSTM,phase5_reliability_fusion_lstm,phase2_general_lstm,0.0169120781712529,0.0166148163467547,0.0002972618244981,0.0002972618244981,2.580569056566782,5,0.010334138788858,0.0147843697118239,0.992607815144088,304,0.1860144981994442,0.2365499153891825,/content/drive/MyDrive/Crypto_Research/revised_outputs_v4/phase5_reliability_fusion/significance_final.csv,phase5__BTC__phase5_reliability_fusion_lstm,phase5__BTC__phase2_general_lstm,phase5_exploratory,0.24801933093259199,0.3252561336601258
phase5,BTC,phase5_exploratory,Reliability fusion vs simple concat for LSTM,phase5_reliability_fusion_lstm,phase5_concat_lstm,0.0169120781712529,0.0169710298494542,-5.895167820135078e-05,-5.8951678201348906e-05,-0.8297343556152842,5,0.4073422119213109,0.1490903526205183,0.0745451763102591,304,1.0,1.0,/content/drive/MyDrive/Crypto_Research/revised_outputs_v4/phase5_reliability_fusion/significance_final.csv,phase5__BTC__phase5_reliability_fusion_lstm,phase5__BTC__phase5_concat_lstm,phase5_exploratory,1.0,1.0
phase5,BTC,phase5_exploratory,Dual-scope concat vs crypto for LSTM,phase5_concat_lstm,phase3_crypto_lstm,0.0169710298494542,0.0170401354644876,-6.910561503336785e-05,-6.910561503336892e-05,-0.6837172504717471,5,0.4946762517577764,0.4621003166630989,0.2310501583315494,304,1.0,1.0,/content/drive/MyDrive/Crypto_Research/revised_outputs_v4/phase5_reliability_fusion/significance_final.csv,phase5__BTC__phase5_concat_lstm,phase5__BTC__phase3_crypto_lstm,phase5_exploratory,1.0,1.0
phase5,BTC,phase5_exploratory,Dual-scope concat vs general for LSTM,phase5_concat_lstm,phase2_general_lstm,0.0169710298494542,0.0166148163467547,0.0003562135026995,0.0003562135026995,2.8877167315071004,5,0.0041598439748982,0.0029629044379904,0.9985185477810048,304,0.0790370355230667,0.0562951843218176,/content/drive/MyDrive/Crypto_Research/revised_outputs_v4/phase5_reliability_fusion/significance_final.csv,phase5__BTC__phase5_concat_lstm,phase5__BTC__phase2_general_lstm,phase5_exploratory,0.1123157873222514,0.07407261094976
phase5,ETH,benchmark_comparisons,Reliability fusion XGB vs random walk,phase5_reliability_fusion_xgb,random_walk_zero_return,0.0245213956901476,0.0229388161849642,0.0015825795051833,0.0015825795051833,2.8122058671703023,5,0.0052413920363177,0.0003668171642928,0.9998165914178536,304,0.0419311362905419,0.0029345373143429,/content/drive/MyDrive/Crypto_Research/revised_outputs_v4/phase5_reliability_fusion/significance_final.csv,phase5__ETH__phase5_reliability_fusion_xgb,phase5__ETH__random_walk_zero_return,phase5_exploratory,0.1362761929442602,0.0099040634359056
phase5,BTC,benchmark_comparisons,Reliability fusion XGB vs random walk,phase5_reliability_fusion_xgb,random_walk_zero_return,0.0174162604067562,0.0166648493825606,0.0007514110241955,0.0007514110241955,1.7138034979759107,5,0.0875875376174552,0.0573784662305768,0.9713107668847116,304,0.3950356493149065,0.2868923311528844,/content/drive/MyDrive/Crypto_Research/revised_outputs_v4/phase5_reliability_fusion/significance_final.csv,phase5__BTC__phase5_reliability_fusion_xgb,phase5__BTC__random_walk_zero_return,phase5_exploratory,1.0,0.9180554596892287
phase5,ETH,benchmark_comparisons,Reliability fusion XGB vs ARIMA,phase5_reliability_fusion_xgb,arima,0.0245213956901476,0.0229923275444329,0.0015290681457147,0.0015290681457147,2.730760449703537,5,0.0066889624736936,0.0005727096652466,0.9997136451673768,304,0.0468227373158558,0.0040089676567266,/content/drive/MyDrive/Crypto_Research/revised_outputs_v4/phase5_reliability_fusion/significance_final.csv,phase5__ETH__phase5_reliability_fusion_xgb,phase5__ETH__arima,phase5_exploratory,0.16722406184233998,0.0148904512964116
