asset,method,metric,occurrences,min_value,max_value,range,pass_1e_10
BTC,arima,mae,6,0.0166770411305337,0.0166770411305337,0.0,True
BTC,arima,rmse,6,0.0240109249203937,0.0240109249203937,0.0,True
BTC,arima,r2,6,-0.0018761203441846,-0.0018761203441846,0.0,True
BTC,arima,directional_accuracy,6,0.4835526315789473,0.4835526315789473,0.0,True
BTC,phase0_lstm,mae,4,0.0167273393789029,0.016727339378903,1.0061396160665481e-16,True
BTC,phase0_lstm,rmse,4,0.0241272462488646,0.0241272462488646,0.0,True
BTC,phase0_lstm,r2,4,-0.01160684505376,-0.0116068450537598,1.9949319973733282e-16,True
BTC,phase0_lstm,directional_accuracy,4,0.4835526315789473,0.4835526315789473,0.0,True
BTC,phase0_xgb,mae,4,0.0175112304956739,0.017511230495674,1.0061396160665481e-16,True
BTC,phase0_xgb,rmse,4,0.0249078798595604,0.0249078798595605,1.0061396160665481e-16,True
BTC,phase0_xgb,r2,4,-0.0781266226580323,-0.0781266226580319,4.0245584642661925e-16,True
BTC,phase0_xgb,directional_accuracy,4,0.4967105263157895,0.4967105263157895,0.0,True
BTC,phase1_lstm,mae,2,0.0169558094125944,0.0169558094125944,0.0,True
BTC,phase1_lstm,rmse,2,0.0242273540947103,0.0242273540947103,0.0,True
BTC,phase1_lstm,r2,2,-0.0200189011503864,-0.0200189011503859,4.996003610813204e-16,True
BTC,phase1_lstm,directional_accuracy,2,0.4802631578947368,0.4802631578947368,0.0,True
BTC,phase1_xgb,mae,2,0.0177068390992373,0.0177068390992374,1.0061396160665481e-16,True
BTC,phase1_xgb,rmse,2,0.0248421706380281,0.0248421706380282,1.0061396160665481e-16,True
BTC,phase1_xgb,r2,2,-0.0724457364023078,-0.0724457364023072,5.967448757360216e-16,True
BTC,phase1_xgb,directional_accuracy,2,0.4967105263157895,0.4967105263157895,0.0,True
BTC,phase2_general_lstm,mae,2,0.0166148163467547,0.0166148163467547,0.0,True
BTC,phase2_general_lstm,rmse,2,0.0239842203620338,0.0239842203620338,0.0,True
BTC,phase2_general_lstm,r2,2,0.0003511808835885,0.0003511808835885,0.0,True
BTC,phase2_general_lstm,directional_accuracy,2,0.5230263157894737,0.5230263157894737,0.0,True
BTC,phase2_general_xgb,mae,2,0.0171729494837657,0.0171729494837657,0.0,True
BTC,phase2_general_xgb,rmse,2,0.0244137644835541,0.0244137644835541,0.0,True
BTC,phase2_general_xgb,r2,2,-0.0357757696963818,-0.0357757696963818,0.0,True
BTC,phase2_general_xgb,directional_accuracy,2,0.506578947368421,0.506578947368421,0.0,True
BTC,phase3_crypto_lstm,mae,2,0.0170401354644876,0.0170401354644876,0.0,True
BTC,phase3_crypto_lstm,rmse,2,0.0242968403828836,0.0242968403828836,0.0,True
BTC,phase3_crypto_lstm,r2,2,-0.0258783085284326,-0.0258783085284322,3.9898639947466563e-16,True
BTC,phase3_crypto_lstm,directional_accuracy,2,0.4802631578947368,0.4802631578947368,0.0,True
BTC,phase3_crypto_xgb,mae,2,0.0176825910076033,0.0176825910076034,1.0061396160665481e-16,True
BTC,phase3_crypto_xgb,rmse,2,0.0249221858230468,0.0249221858230469,1.0061396160665481e-16,True
BTC,phase3_crypto_xgb,r2,2,-0.0793654329868327,-0.079365432986832,6.938893903907228e-16,True
BTC,phase3_crypto_xgb,directional_accuracy,2,0.4901315789473684,0.4901315789473684,0.0,True
BTC,random_walk_zero_return,mae,6,0.0166648493825606,0.0166648493825606,0.0,True
BTC,random_walk_zero_return,rmse,6,0.0240133875109925,0.0240133875109925,0.0,True
BTC,random_walk_zero_return,r2,6,-0.0020816382276849,-0.0020816382276849,0.0,True
ETH,arima,mae,6,0.0229923275444329,0.0229923275444329,0.0,True
ETH,arima,rmse,6,0.0336592133220988,0.0336592133220988,0.0,True
ETH,arima,r2,6,-0.0056831339809726,-0.0056831339809726,0.0,True
ETH,arima,directional_accuracy,6,0.5197368421052632,0.5197368421052632,0.0,True
ETH,phase0_lstm,mae,4,0.0237778464572566,0.0237778464572566,0.0,True
ETH,phase0_lstm,rmse,4,0.0342181736642965,0.0342181736642965,0.0,True
ETH,phase0_lstm,r2,4,-0.039362146956374,-0.0393621469563736,4.0245584642661925e-16,True
ETH,phase0_lstm,directional_accuracy,4,0.5,0.5,0.0,True
ETH,phase0_xgb,mae,4,0.0245146968044746,0.0245146968044746,0.0,True
ETH,phase0_xgb,rmse,4,0.0346499376693039,0.0346499376693039,0.0,True
ETH,phase0_xgb,r2,4,-0.0657569150258268,-0.0657569150258263,4.996003610813204e-16,True
ETH,phase0_xgb,directional_accuracy,4,0.5,0.5,0.0,True
ETH,phase1_lstm,mae,2,0.0230610127969092,0.0230610127969092,0.0,True
ETH,phase1_lstm,rmse,2,0.0335705263689398,0.0335705263689398,0.0,True
ETH,phase1_lstm,r2,2,-0.0003904689528619,-0.0003904689528619,0.0,True
ETH,phase1_lstm,directional_accuracy,2,0.4967105263157895,0.4967105263157895,0.0,True
ETH,phase1_xgb,mae,2,0.0256170089363812,0.0256170089363813,1.0061396160665481e-16,True
ETH,phase1_xgb,rmse,2,0.035689369127098,0.035689369127098,0.0,True
ETH,phase1_xgb,r2,2,-0.1306572867234499,-0.1306572867234492,6.938893903907228e-16,True
ETH,phase1_xgb,directional_accuracy,2,0.4802631578947368,0.4802631578947368,0.0,True
ETH,phase2_general_lstm,mae,2,0.024450611844703,0.024450611844703,0.0,True
ETH,phase2_general_lstm,rmse,2,0.0345798427236784,0.0345798427236784,0.0,True
ETH,phase2_general_lstm,r2,2,-0.0614493394985788,-0.0614493394985788,0.0,True
ETH,phase2_general_lstm,directional_accuracy,2,0.4835526315789473,0.4835526315789473,0.0,True
ETH,phase2_general_xgb,mae,2,0.0241025392083515,0.0241025392083515,0.0,True
ETH,phase2_general_xgb,rmse,2,0.0342795405310662,0.0342795405310662,0.0,True
ETH,phase2_general_xgb,r2,2,-0.0430934736306303,-0.0430934736306303,0.0,True
ETH,phase2_general_xgb,directional_accuracy,2,0.5263157894736842,0.5263157894736842,0.0,True
ETH,phase3_crypto_lstm,mae,2,0.0235127788953676,0.0235127788953677,1.0061396160665481e-16,True
ETH,phase3_crypto_lstm,rmse,2,0.0340610626605903,0.0340610626605904,9.71445146547012e-17,True
ETH,phase3_crypto_lstm,r2,2,-0.0298397013197526,-0.0298397013197524,1.97758476261356e-16,True
ETH,phase3_crypto_lstm,directional_accuracy,2,0.5230263157894737,0.5230263157894737,0.0,True
ETH,phase3_crypto_xgb,mae,2,0.0246863695377479,0.024686369537748,9.71445146547012e-17,True
ETH,phase3_crypto_xgb,rmse,2,0.0350385508511315,0.0350385508511316,9.71445146547012e-17,True
ETH,phase3_crypto_xgb,r2,2,-0.0897967685300238,-0.0897967685300233,4.996003610813204e-16,True
ETH,phase3_crypto_xgb,directional_accuracy,2,0.5,0.5,0.0,True
ETH,random_walk_zero_return,mae,6,0.0229388161849642,0.0229388161849642,0.0,True
ETH,random_walk_zero_return,rmse,6,0.0335957913281933,0.0335957913281933,0.0,True
ETH,random_walk_zero_return,r2,6,-0.0018968102590299,-0.0018968102590299,0.0,True
