asset,comparison_family,comparison,candidate_method,reference_method,candidate_mae,reference_mae,mae_difference,mean_loss_differential,dm_statistic,dm_hac_lag,dm_p_value_two_sided,wilcoxon_p_value_two_sided,wilcoxon_p_value_candidate_lower_error,paired_observations,dm_p_value_holm_within_family,wilcoxon_p_value_holm_within_family
BTC,benchmark_comparisons,General FinBERT LSTM vs random walk,phase2_general_lstm,random_walk_zero_return,0.01661481634675474,0.01666484938256064,-5.003303580589785e-05,-5.003303580589783e-05,-0.7512789643200919,5,0.45306788546873633,0.5228846854626841,0.26144234273134204,304,0.9061357709374727,0.5889769794537549
BTC,benchmark_comparisons,Crypto FinBERT LSTM vs random walk,phase3_crypto_lstm,random_walk_zero_return,0.017040135464487672,0.016664849382560683,0.0003752860819269885,0.000375286081926986,2.7469277639401746,5,0.006375709294791597,0.00793752540616339,0.9960312372969183,304,0.07650851153749916,0.0793752540616339
BTC,benchmark_comparisons,General FinBERT LSTM vs ARIMA,phase2_general_lstm,arima,0.01661481634675474,0.0166770411305337,-6.222478377895801e-05,-6.222478377895662e-05,-0.6597358830215677,5,0.5099244775502785,0.29448848972687747,0.14724424486343873,304,0.9061357709374727,0.5889769794537549
BTC,benchmark_comparisons,Crypto FinBERT LSTM vs ARIMA,phase3_crypto_lstm,arima,0.017040135464487672,0.01667704113053374,0.0003630943339539318,0.0003630943339539289,2.51521913402407,5,0.012413140135717846,0.01811315491166485,0.9909434225441676,304,0.1365445414928963,0.10867892946998911
BTC,news_scope,Crypto-specific vs general news for LSTM,phase3_crypto_lstm,phase2_general_lstm,0.017040135464487672,0.016614816346754786,0.00042531911773288633,0.0004253191177328866,3.373911080748037,5,0.0008374722993404635,0.0014718226908353074,0.9992640886545824,304,0.003349889197361854,0.004415468072505922
BTC,benchmark_comparisons,General FinBERT XGB vs random walk,phase2_general_xgb,random_walk_zero_return,0.01717294948376571,0.01666484938256064,0.000508100101205073,0.0005081001012050721,1.5246788575952201,5,0.1283822662028594,0.13750983264767352,0.9312450836761632,304,0.4822112825165781,0.5500393305906941
BTC,benchmark_comparisons,Crypto FinBERT XGB vs random walk,phase3_crypto_xgb,random_walk_zero_return,0.017682591007603436,0.016664849382560683,0.0010177416250427528,0.0010177416250427504,2.3090519860770113,5,0.021613260387874984,0.008202159807315663,0.9958989200963422,304,0.18918118120042773,0.0793752540616339
BTC,benchmark_comparisons,General FinBERT XGB vs ARIMA,phase2_general_xgb,arima,0.01717294948376571,0.0166770411305337,0.0004959083532320128,0.0004959083532320134,1.556837898855476,5,0.12055282062914452,0.14419268176940273,0.9279036591152986,304,0.4822112825165781,0.5500393305906941
BTC,benchmark_comparisons,Crypto FinBERT XGB vs ARIMA,phase3_crypto_xgb,arima,0.017682591007603436,0.01667704113053374,0.001005549877069696,0.0010055498770696935,2.319726040693162,5,0.02102013124449197,0.01067956543988223,0.9946602172800589,304,0.18918118120042773,0.08543652351905784
BTC,news_scope,Crypto-specific vs general news for XGB,phase3_crypto_xgb,phase2_general_xgb,0.017682591007603436,0.01717294948376575,0.0005096415238376867,0.0005096415238376881,1.3884381508863497,5,0.16602352716423385,0.17199465527673652,0.9140026723616317,304,0.3320470543284677,0.34398931055347304
ETH,benchmark_comparisons,General FinBERT LSTM vs random walk,phase2_general_lstm,random_walk_zero_return,0.024450611844703072,0.02293881618496425,0.0015117956597388224,0.001511795659738831,3.369475408669072,5,0.0008505680821998385,0.00016016467526445367,0.9999199176623678,304,0.01190795315079774,0.0024382360217455996
ETH,benchmark_comparisons,Crypto FinBERT LSTM vs random walk,phase3_crypto_lstm,random_walk_zero_return,0.023512778895367726,0.02293881618496429,0.0005739627104034348,0.0005739627104034304,2.3909212250836394,5,0.01741634435703134,0.0132832640963153,0.9933583679518424,304,0.17416344357031338,0.0929828486742071
ETH,benchmark_comparisons,General FinBERT LSTM vs ARIMA,phase2_general_lstm,arima,0.024450611844703072,0.022992327544432867,0.0014582843002702052,0.0014582843002702089,3.2722435246941366,5,0.0011902455831941303,0.00024774772478918823,0.9998761261376055,304,0.015473192581523694,0.003220720422259447
ETH,benchmark_comparisons,Crypto FinBERT LSTM vs ARIMA,phase3_crypto_lstm,arima,0.023512778895367726,0.022992327544432912,0.0005204513509348141,0.0005204513509348108,2.2360327704601803,5,0.026077482559483726,0.01905820765131898,0.9904708961743405,304,0.18918118120042773,0.10867892946998911
ETH,news_scope,Crypto-specific vs general news for LSTM,phase3_crypto_lstm,phase2_general_lstm,0.023512778895367726,0.02445061184470311,-0.0009378329493353842,-0.000937832949335388,-3.1100159798613114,5,0.002048708310895303,0.0003142094931305606,0.0001571047465652803,304,0.00614612493268591,0.0012568379725222424
ETH,benchmark_comparisons,General FinBERT XGB vs random walk,phase2_general_xgb,random_walk_zero_return,0.02410253920835158,0.02293881618496425,0.0011637230233873322,0.0011637230233873326,2.2928122191868967,5,0.02254374299947821,0.0047879949508048605,0.9976060025245975,304,0.18918118120042773,0.057455939409658326
ETH,benchmark_comparisons,Crypto FinBERT XGB vs random walk,phase3_crypto_xgb,random_walk_zero_return,0.024686369537748026,0.02293881618496429,0.0017475533527837352,0.0017475533527837339,3.4761695847581313,5,0.0005829807749487495,0.00015238975135909997,0.9999238051243204,304,0.009327692399179991,0.0024382360217455996
ETH,benchmark_comparisons,General FinBERT XGB vs ARIMA,phase2_general_xgb,arima,0.02410253920835158,0.022992327544432867,0.001110211663918715,0.00111021166391871,2.199465161832267,5,0.028599981250225143,0.005973223535153622,0.9970133882324231,304,0.18918118120042773,0.06570545888668984
ETH,benchmark_comparisons,Crypto FinBERT XGB vs ARIMA,phase3_crypto_xgb,arima,0.024686369537748026,0.022992327544432912,0.0016940419933151145,0.0016940419933151136,3.395496399526367,5,0.0007763846022945904,0.00021578479095396875,0.999892107604523,304,0.011645769034418855,0.0030209870733555627
ETH,news_scope,Crypto-specific vs general news for XGB,phase3_crypto_xgb,phase2_general_xgb,0.024686369537748026,0.024102539208351613,0.0005838303293964134,0.0005838303293964153,1.3765738078459584,5,0.16966039384470652,0.31916737628174474,0.8404163118591277,304,0.3320470543284677,0.34398931055347304
